Column1;Column2
formals;slanks
aamiin;amin 
adek;adik 
ad;ada
adlh;adalah 
aer;air 
aiskrim;es krim 
aj;saja 
aja;saja 
ajah;saja 
ajalah;saja 
aje;saja 
ajh;saja 
ajj;saja
aku;saya
ak;saya 
akoh;saya
and;dan
akutu;saya
aq;saya
alesan;alasan 
ama;sama 
amaca;ah masa
amuh;kamu
ancur;hancur 
ane;saya 
anget;hangat 
anjeng;anjing 
ank;anak 
apah;apa 
aph;apa
apo;apa 
apose;apa
apz;apa
art;gambar 
artine;artinya 
asek;asik 
ati2;hati hati 
atit;sakit 
atu;satu 
atw;atau 
ayang;sayang 
ayuk;ayo 
babang;abang
bae;baik 
bais;habis
bakalan;akan 
bales;balas 
bandingin;bandingkan 
banget;sekali 
bangett;sangat 
banyakin;perbanyak 
barengan;bersamaan 
baryaw;sabar ya
baso;bakso 
bay;selamat tinggal
bbrp;beberapa 
bc;baca 
bcs;bisa 
bct;bicara 
bdan;badan 
bdg;bandung 
bdn;badan 
becanda;bercanda 
bedua;berdua 
bego;bodoh 
bekel;bekal 
belom;belum 
belon;belum 
bener;benar 
bener2;benar benar 
beneran;benar 
berantem;bertengkar 
berenti;berhenti 
besoq;besok
bete;sebal 
beud;banget
bg;bagi 
bgd;sangat 
bget;sangat 
bgini;begini 
bgitu;begitu 
bgks;bungkus 
bgm;bagaimana 
bgmn;bagaimana 
bgn;bangun 
bgni;begini 
bgntdr;bangun tidur 
bgs;bagus 
bgt;sangat 
bgtu;begitu 
bgus;bagus 
bhay;selamat tinggal
bhn;bahan 
bhs;bahas 
bhw;bahwa 
bhy;bahaya 
bisaa;bisa 
bisya;bisa
biza;bisa
bj;baju 
bju;baju 
bk;buku 
bkan;bukan 
bkin;bikin 
bkl;bakal 
bkn;bukan 
bkr;bakar 
bks;bungkus 
bl;beli 
blajar;belajar 
blg;bilang 
blh;boleh 
bli;beli 
blik;balik 
bljr;belajar 
blk;balik 
blkg;belakang 
blkng;belakang 
blkngny;belakangnya 
blm;belum 
bln;bulan 
blng;bilang 
blngn;bilang 
blom;belum 
bls;balas 
blum;belum 
bndg;bandung 
bndr;bandar 
bner;benar 
bneran;benar 
bnget;banget
bngks;bungkus 
bngng;bingung 
bngt;sangat 
bngun;bangun 
bnr;benar 
bnrbnr;benar benar 
bnrn;benar 
bntar;sebentar 
bntr;sebentar 
bnyak;banyak 
bnyk;banyak 
bnykny;banyaknya 
bobo;tidur 
bobok;tidur 
bokap;ayah 
bole;boleh 
boong;bohong 
bosen;bosan 
bpk;bapak 
brani;berani 
brapa;berapa 
brarti;berarti 
brasa;berasa 
brg;barang 
brgkt;berangkat 
brhsl;berhasil 
brjln;berjalan 
brkfst;breakfast 
brmslh;bermasalah 
brngkt;berangkat 
brp;berapa 
brpa;berapa 
brrti;berarti 
brs;beres 
brshbt;bersahabat 
brsm;bersama 
brthn;bertahan 
brtmn;berteman 
bru;baru 
bs;bisa 
bsa;bisa 
bsk;besok 
bskk;besok
bsok;besok 
bsoq;besok
bsr;besar 
btg;batang 
bth;butuh 
btl;betul 
btul;betul 
buad;buat 
buatin;buatkan 
bucin;budak cinta
bulcit;omong kosong
bw;bawa 
bwa;bawa 
bwh;bawah 
bwt;buat 
byk;banyak 
bynk;banyak 
byr;bayar 
cabal;sabar 
cabut;pergi
caiank;sayang
cakep;cantik
cape;lelah
capek;lelah
catet;catat 
cb;coba 
cekola;sekolah
cekolah;sekolah
celalaw;selalu
celalu;selalu
cemungudh;semangat
cemungut;semangat
cemunguth;semangat
cepet;cepat 
cewe;cewek 
cibuq;sibuk
cini;sini
ciyus;serius
ckp;cukup 
ckrg;sekarang 
ckup;cukup 
cll;selalu
cllu;selalu
cllw;selalu
cm;cuma 
cma;cuma 
cman;hanya 
cmn;hanya 
cmpk;cempaka 
cobaa;coba 
coeg;jancuk 
cowo;cowok 
cpat;cepat 
cpe;capek
cpee;capek
cpet;cepat 
cpt;cepat 
cptn;cepatan 
crt;cerita 
cth;contoh 
cug;jancuk 
cuk;jancuk 
cuman;hanya
cungguh;sungguh 
cw;cewek 
cwe;cewek 
cwo;cowok 
cyang;sayang 
dah;sudah 
dalem;dalam 
dapa;ada apa
dapah;ada apa
dapet;dapat 
dapetin;mendapatkan 
dateng;datang 
dberkahi;diberkahi 
dblg;dibilang 
dblkng;dibelakang 
dbls;dibalas 
dbwt;dibuat 
dbyr;dibayar 
de;deh 
demen;suka 
denger;dengar 
deres;deras 
dftr;daftar 
dg;dengan 
dgn;dengan 
dgr;dengar 
dgrn;dengarin 
dh;deh 
didenger;didengar 
didengerin;didengarkan 
diem;diam 
dijadiin;dijadikan 
dikit;sedikit 
dimance;dimana
dimandose;dimana
dimans;dimana
dipake;dipakai 
dipendem;dipendam 
dirmh;di rumah 
ditemenin;ditemani 
djkt;di jakarta 
djl;di jalan 
djln;di jalan 
dkat;dekat 
dket;dekat 
dkls;di kelas 
dkmps;di kampus 
dkmr;di kamar 
dkntr;di kantor 
dksh;dikasih 
dkt;dekat 
dl;dulu 
dll;dan lain
dlm;dalam 
dlrng;dilarang 
dlu;dulu 
dluan;duluan 
dmana;dimana 
dmkn;dimakan 
dmn;dimana 
dmna;dimana 
dmnmn;dimana mana 
dmny;dimananya 
dng;dengan 
dngar;dengar 
dnger;dengar 
dngerin;dengar 
dngn;dengan 
dngr;dengar 
doang;saja 
doank;saja 
donlot;download 
doyan;suka 
dpan;depan 
dpet;dapat 
dpk;depok 
dpkrkn;dipikirkan 
dpn;depan 
dpnrmh;depan rumah 
dpt;dapat 
dr;dari 
drg;dokter gigi 
drh;darah 
dri;dari 
drmh;di rumah 
drmn;darimana 
drpd;daripada 
drtd;dari tadi
drumah;di rumah
dsb;dan sebagainya
dsblh;di sebelah
dsini;disini 
dsklh;di sekolah
dsni;di sini
dst;dan seterusnya
dtg;datang 
dtgny;datangnya 
dtmbh;ditambah 
dtmpt;di tempat
dtng;datang 
duluw;dulu
dy;dia 
ea;ya
eeq;feses 
elo;kamu 
emang;memang 
emangnya;memangnya 
emank;memang 
emg;memang 
emgg;memang
emng;memang 
engga;tidak 
enggak;tidak 
enk;enak 
entar;nanti 
ente;anda 
eps;episode 
eteb;bosan
eug;saya
faham;paham 
fb;facebook 
fav;favorit
fave;favorit
g;tidak
ga;tidak 
nga;tidak
gaada;tidak ada
gabisa;tidak bisa
gaboleh;tidak boleh
gabut;menganggur
gada;tidak ada
gaenak;tidak enak
gajadi;tidak jadi
gajelas;tidak jelas
gak;tidak 
gakk;tidak
gakuat;tidak kuat
gakz;tidak
galo;galau 
gamasuk;tidak masuk
gamau;tidak mau
gapake;tidak pakai
gapapa;tidak apa apa
gapernah;tidak pernah
gapunya;tidak punya
garem;garam 
gasuka;tidak suka
gatau;tidak tahu
gataw;tidak tahu
gatel;gatal 
gausah;tidak usah
gawe;kerja 
gblk;goblok
gbr;gambar 
gdg;gudang 
gembel;jelek 
gengges;ganggu
ghiy;lagi
gi;lagi
gilak;gila 
gile;gila 
gitu;begitu 
gituan;begitu 
gituh;begitu 
gituin;itu 
gk;tidak 
gmana;bagaimana 
gmbr;gambar 
gmn;bagaimana 
gmna;bagaimana 
gmpg;gampang 
gmpng;gampang 
gni;begini 
gnti;ganti 
gpny;tidak punya
gpp;tidak apa apa
gprnh;tidak pernah
gr2;gara gara 
gratisan;gratis 
gt;begitu 
gtu;begitu 
gtw;tidak tahu
gua;saya 
gw;saya 
gws;get well soon
gx;tidak
hadeh;aduh 
hapal;hafal
haqq;hakiki 
hargain;hargai 
harini;hari ini
hbd;happy birthday
hbis;habis 
hbng;hubungi 
hbs;habis 
hbskn;habiskan 
helo;halo 
heters;pembenci 
hlg;hilang 
hlm;halaman 
hlmn;halaman 
hny;hanya 
hnya;hanya
hqq;hakiki 
hr;hari 
hrg;harga 
hrgny;harganya 
hri;hari 
hrs;harus 
hrsny;harusnya 
hrus;harus 
hti;hati 
hums;rumah
humz;rumah
huum;iya
idiiot;idiot 
idup;hidup
ily;saya cinta kamu 
inget;ingat 
ingetin;ingatkan 
ingt;ingat 
istrht;istirahat 
item;hitam 
itumah;itu 
ituu;itu 
iy;iya 
iyach;iya
iyain;mengiyakan 
iyap;iya
iyapz;iya
iyoo;iya 
iyup;iya
iyupz;iya
jadiin;jadi 
jadull;jadul 
jamber;jam berapa
jancoeg;jancuk 
jatoh;jatuh 
jawabanya;jawabannya 
jd;jadi 
jdi;jadi 
jdny;jadinya 
jdnya;jadinya 
jdwl;jadwal 
jem;jam 
jg;juga 
jga;juga 
jgan;jangan 
jglh;jagalah 
jgn;jangan 
jgnjgn;jangan jangan 
jing;anjing 
jink;anjing 
jk;jika 
jkrt;jakarta 
jkt;jakarta 
jl;jalan 
jln;jalan 
jm;jam 
jmbtn;jembatan 
jml;jumlah 
jmlh;jumlah 
jmpt;jemput 
jmt;jumat 
jng;jangan 
jngan;jangan 
jngn;jangan 
jpn;jepang 
jrg;jarang 
jrng;jarang 
jwb;jawab 
jwbn;jawaban 
jwbny;jawabannya 
kacian;kasihan
kagak;tidak 
kakk;kakak
kak;kakak
kaka;kakak
kalee;kali 
kaleyan;kalian
kalo;kalau 
kalu;kalau
kamsud;maksud 
karna;karena 
karoke;karaoke 
kasian;kasihan 
kau;kamu 
kayak;mirip 
kayanya;kayaknya 
kbnykn;kebanyakan 
kbr;kabar 
kbtln;kebetulan 
kbykn;kebanyakan 
kdg;kadang 
kdng;kadang 
kdpn;ke depan
kebawa;terbawa 
kecakepan;kecantikan
keknya;sepertinya 
kelaperan;kelaparan 
kelar;selesai 
keles;kali
keliatan;kelihatan 
kemaren;kemarin 
kenapah;kenapa
kenape;kenapa 
kenaps;kenapa
kenapz;kenapa
kenceng;kencang 
kepengen;ingin 
kepngn;ingin 
kepo;ingin tahu
kerikil;kerikil 
kesampean;kesampaian 
kesel;kesal 
kesian;kasihan 
ketawa;tertawa 
keujanan;kehujanan 
keyen;keren
kga;tidak 
kgak;tidak 
kgk;tidak 
khabar;kabar 
khan;kan 
khanz;kan
khsny;khususnya 
khwtr;khawatir 
kirimin;kirimkan 
kite;kita 
kk;kakak 
kl;kalau 
klau;kalau 
klh;kalah 
kli;kali 
klmpk;kelompok 
klo;kalau 
klp;kelompok 
kls;kelas 
klu;kalau 
kluar;keluar 
klw;kalau 
km;kamu 
kmaren;kemarin 
kmi;kami 
kmn;kemana 
kmna;kemana 
kmpret;kampret 
kmps;kamus 
kmr;kamar 
kmren;kemarin 
kmrin;kemarin 
kmrn;kemarin 
kmu;kamu 
kn;kan 
kna;kena 
knapa;kenapa 
kngen;kangen 
knl;kenal 
knp;kenapa 
knpa;kenapa 
kntr;kantor 
knyng;kenyang 
konsen;konsentrasi 
koq;kok 
kosan;kost 
kowe;kamu 
kpala;kepala 
kpan;kapan 
kpd;kepada 
kpgn;ingin 
kpn;kapan 
kpngn;ingin 
krg;kurang 
krikil;kerikil 
krja;kerja 
krmh;ke rumah
krn;karena 
krna;karena 
krng;kurang 
krupuk;kerupuk 
ksh;kasih 
ksian;kasihan 
ksih;kasih 
ksmptn;kesempatan 
ksn;kesana 
kt;kita 
kta;kita 
ktdrn;ketiduran 
ktemu;ketemu 
ktmpt;ke tempat
ktmu;ketemu 
ktny;katanya 
ktnya;katanya 
ktr;kantor 
kuq;kok
kuy;ayo
kw;kamu
kyak;seperti 
kyaknya;sepertinya 
kyanya;sepertinya 
kyk;seperti 
kykny;sepertinya 
kyknya;sepertinya 
kyny;sepertinya 
kzl;kesal 
laen;lain 
laff;cinta
lagian;lagi 
lam;salam
laper;lapar 
lb;lembar 
lbh;lebih 
lbih;lebih 
leh;boleh
lelaahh;lelah 
lemes;lemas 
lg;lagi 
lgi;lagi 
lgkp;lengkap 
lgs;langsung 
lgsg;langsung 
lgsng;langsung 
lgsung;langsung 
liatin;lihat 
lm;lama 
lmyn;lumayan 
lngkp;lengkap 
lngsg;langsung 
lngsng;langsung 
lngsung;langsung 
lnjt;lanjut 
lnsg;langsung 
lnsng;langsung 
lo;kamu 
loe;kamu 
lom;belum
lov;cinta
love;cinta
low;kalau
lp;lupa
lpngn;lapangan 
lpr;lapar 
lsg;langsung 
lu;kamu 
luchu;lucu
lum;belum
lun;belum
luthu;lucu
luv;cinta
lvl;level 
lw;kamu
lwt;lewat 
maaci;terima kasih
maacih;terima kasih
maap;maaf
maen;main 
mager;malas bergerak
makaci;terima kasih
makana;karena itu
makasi;terima kasih
makasihhh;terima kasih
make;pakai 
makn;makan 
malem;malam 
malem2;malam malam 
malming;malam minggu
mamah;mama 
mamam;makan 
mampet;mampat 
mane;mana 
maneh;mana 
manggil;panggil 
mano;mana 
mantep;mantap 
masakin;masakan 
mateng;matang 
maw;mau
mcm;macam 
mct;macet 
mdg;lebih baik
mdgn;baikan 
mdh;mudah 
mdpt;mendapat 
melulu;selalu 
mendingan;lebih baik
merhatiin;memperhatikan 
mesen;pesan 
mgkn;mungkin 
mhs;mahasiswa 
mhsw;mahasiswa 
miapa;demi apa
miapah;demi apa
mikirin;memikirkan 
milih;pilih 
minjem;pinjam 
misal'a;misalnya
mk;maka 
mka;maka 
mkan;makan 
mkanan;makanan 
mkanya;makanya 
mkn;makan 
mknan;makanan 
mkny;maka itu
mksd;maksud 
mksdny;maksudnya 
mksdnya;maksudnya 
mksdq;maksudku 
mksh;terima kasih
mksih;terima kasih
mlah;malah 
mlm;malam 
mls;malas 
mmg;memang 
mn;mana 
mna;mana 
mndg;lebih baik
mndgn;lebih baik
mndgr;mendengar 
mndi;mandi 
mnding;lebih baik
mndptkn;mendapatkan 
mng;menang 
mnrt;menurut 
mnt;minta 
mnta;minta 
mntp;mantap 
mnum;minum 
mnyakitiku;menyakitiku 
mnyngkn;menyenangkan 
mo;mau 
moga;semoga 
mosok;masa 
mreka;mereka 
mrh;marah 
mrk;mereka 
ms;mas 
msg;masing 
msh;masih 
msih;masih 
msk;masuk 
mski;meski 
mskipun;meskipun 
mskn;masakan 
msl;misal 
mslhnya;masalahnya
mslh;masalah 
msti;harus 
muke;muka 
mulu;terus 
musti;harus 
muup;maaf
mu'uv;maaf
mw;mau 
mz;mas 
nabung;tabung 
naek;naik 
nahan;tahan 
nak;anak
nambah;tambah 
nanya;tanya 
napa;kenapa 
napas;nafas 
nape;kenapa 
naq;anak
nasgor;nasi goreng
nax;anak
nda;tidak
ndak;tidak
ndax;tidak
ndk;tidak 
negri;negeri 
nelen;telan 
nemenin;menemani 
nemu;temu 
nengok;tengok 
ngabungin;menggabungkan
ngadain;mengadakan 
ngajak;mengajak 
ngajar;ajar 
ngak;tidak 
ngakak;terbahak bahak 
ngambek;marah 
ngambil;ambil 
nganter;antar 
nganterin;antar 
ngarep;mengharap 
ngarepinnya;mengharapkannya 
ngasi;kasih 
ngasih;kasih 
ngegosip;gosip 
ngehadepin;menghadapi 
ngeliatin;melihat 
ngeluh;keluh 
ngerasa;merasa 
ngerasain;merasakan 
ngerjain;mengerjakan 
ngerokok;merokok 
ngetik;ketik 
ngga;tidak 
nggak;tidak 
nggax;tidak
nggesek;menggesek
nggk;tidak 
nggosok;menggosok
ngibul;berbohong
ngidam;idam 
ngikutin;ikuti 
ngilangin;menghilangkan 
nginep;menginap 
ngingetin;mengingatkan 
ngjk;mengajak 
ngk;tidak 
ngmbl;mengambil 
ngmg;omong 
ngmng;berbicara 
ngmpl;berkumpul 
ngmps;ke kampus
ngntk;mengantuk 
ngntr;ke kantor
ngobatin;obati 
ngobrol;bicara 
ngomong;bicara 
ngomongin;membicarakan 
ngrasain;merasakan 
ngundurin;mengundurkan 
ngunyah;kunyah 
ngurus;urus 
ni;ini 
nich;ini
ninggalin;tinggalkan 
nmbh;tambah 
nmny;namanya 
nmpk;nampak 
nmr;nomor 
nnti;nanti 
nntn;nonton 
nnton;nonton 
nolak;tolak 
nraktir;traktir 
ntah;entah 
ntap;mantap
ntar;nanti 
nti;nanti 
ntn;nonton 
nton;nonton 
ntr;nanti 
ntu;itu 
nungguin;tunggu 
nyakiti;menyakiti 
nyakitin;menyakiti 
nyalain;nyalakan 
nyampe;sampai 
nyangka;sangka 
nyantai;santai 
nyari;cari 
nyebelin;menyebalkan 
nyeremin;menyeramkan 
nyesek;sesak 
nyesel;menyesal 
nyetel;setel 
nyiksa;menyiksa 
nyoba;coba 
nyobain;coba 
nyuci;cuci 
nyukur;cukur 
nyuruh;suruh 
nyusul;susul 
oc;oke
oce;oke
ohh;oh
ok;oke
okedech;oke
okedeh;oke
okeh;baik 
okz;oke
ol;online 
org;orang 
org2;orang orang 
orng;orang 
ortu;orangtua 
ouch;oh
ouh;oh
owh;oh
pait;pahit 
pake;pakai 
pakek;pakai 
pantesan;pantas 
pasutri;pasangan suami istri
paz;pas
pcr;pacar 
pcrn;pacaran 
pcrny;pacarnya 
pd;pada 
pdahal;padahal 
pdhal;padahal 
pdhl;padahal 
pedes;pedas 
pegi;pergi 
pengen;ingin
penghianat;pengkhianat 
pengin;ingin 
pesen;pesan 
pg;pergi 
pgen;ingin 
pgn;ingin 
pilem;film 
pingin;ingin 
pinjem;pinjam 
pinter;pintar 
pkai;pakai 
pke;pakai 
plg;pulang 
plis;tolong 
pljrn;pelajaran 
plng;pulang 
pmpuan;perempuan 
pndh;pindah 
pngen;ingin 
pngn;ingin 
pnjng;panjang 
pnting;penting 
pntng;penting 
pny;punya 
pnya;punya 
pokonya;pokoknya 
praktek;praktik 
prasaan;perasaan 
prgi;pergi 
prmhn;perumahan 
prmptn;perempatan 
prnah;pernah 
prnh;pernah 
prthnkn;pertahankan 
psg;pasang 
psng;pasang 
psr;pasar 
psti;pasti 
ptg;penting 
punye;punya 
puter;putar 
puterin;putar 
pzt;pasti
q;saya
qaqa;kakak
qq;kakak
qt;kita 
qta;kita 
rada;agak 
rame;ramai 
rame2;ramai ramai 
rasane;rasanya 
rb;ribu 
rmbt;rambut 
rmh;rumah 
rmhq;rumahku 
rsk;rusak 
sabeb;bebas
sabi;bisa
saje;saja 
salfok;salah fokus
saltum;salah kostum
sambel;sambal 
samo;sama 
sampe;sampai
sans;santai 
sape;siapa 
sateny;satenya 
sbg;sebagai 
sbl;sebelah 
sblh;sebelah 
sblhny;sebelahnya 
sblm;sebelum 
sblmny;sebelumnya 
sbnr;sebenarnya 
sbnrny;sebenarnya 
sbnrnya;sebenarnya 
sbnt;sebentar 
sbntr;sebentar 
sbr;sabar 
sbtr;sebentar 
scr;secara 
sdah;sudah 
sdg;sedang 
sdgkn;sedangkan 
sdh;sudah 
sdng;sedang 
sdngkn;sedangkan 
sebel;kesal 
sebenernya;sebenarnya 
sekola;sekolah 
selaw;santai
selow;sebentar 
semalem;semalam 
sembuhin;sembuhkan 
senen;senin 
seneng;senang 
serem;seram 
sesek;sesak
seterah;terserah 
sgala;segala 
sgini;segini 
sgitu;segitu 
sgt;sangat 
shap;siap
shaps;siap
shbt;sahabat 
shiet;tahi 
shit;tahi 
sihat;sehat 
sja;saja 
skali;sekali 
skalian;sekalian 
skit;sakit 
sklh;sekolah 
skola;sekolah 
skolah;sekolah 
skr;sekarang 
skrang;sekarang 
skrg;sekarang 
skrng;sekarang 
skt;sakit 
slah;salah 
slalu;selalu 
slamat;selamat 
slesai;selesai 
slg;saling 
slh;salah 
slhkn;salahkan 
sllu;selalu 
slm;salam 
slmt;selamat 
sls;selesai 
sm;sama 
smangat;semangat 
smbg;sambung 
smbh;sembuh 
smbhyg;sembahyang 
smbil;sambil 
smbl;sambil 
smbng;sambung 
smbrg;sembarang 
smbuh;sembuh 
smcm;semacam 
smg;semoga 
smga;semoga 
smgt;semangat 
smlm;semalam 
smlmn;semalaman 
smngt;semangat 
smntr;sementara 
smoga;semoga 
smpai;sampai 
smpe;sampai 
smpt;sempat 
smua;semua 
smuanya;semuanya 
sndiri;sendiri 
sndri;sendiri 
sngt;sangat 
sni;sini 
snyum;senyum 
soale;soalnya 
sodara;saudara 
sopo;siapa 
sorang;seorang 
sory;maaf 
sperti;seperti 
spnjng;sepanjang 
sprt;seperti 
sprtny;sepertinya 
spt;seperti 
sptny;sepertinya 
spy;supaya 
srg;sering 
sseorg;seseorang 
stelah;setelah 
stgh;setengah 
stiap;setiap 
stlh;setelah 
stngh;setengah 
sudh;sudah 
sy;saya 
sya;saya 
syantik;cantik
syg;sayang 
sygku;sayangku 
sygny;sayangnya 
syipp;sip
syng;sayang 
syp;siapa
tai;tahi 
tau;tahu 
tauk;tahu
taunya;tahunya 
td;tadi
tdi;tadi 
tdk;tidak 
tdny;tadinya 
tdr;tidur 
tdur;tidur 
telor;telur 
telp;telepon
telpon;telepon 
temen;teman 
temen2;teman teman 
temenin;temani 
tercyduk;terciduk
teriakk;teriak 
teros;terus 
tetep;tetap 
tgannya;tangannya 
tggu;tunggu 
tgh;tengah 
tgl;tanggal 
tgn;tangan 
tgs;tugas 
thd;terhadap 
thdp;terhadap 
thks;terima kasih
thn;tahun 
thnx;terima kasih
thx;terima kasih
tida;tidak 
tipi;tv 
tkut;tsayat 
tlg;tolong 
tlh;telah 
tlng;tolong 
tlp;telepon 
tlpn;telepon 
tamvan;tampan
tmbah;tambah 
tmbh;tambah 
tmen;teman 
tmn;teman 
tmpat;tempat 
tmpt;tempat 
tmsk;termasuk 
tnp;tanpa 
tnpa;tanpa 
tny;ternyata 
tnya;tanya 
tnyt;ternyata 
tp;tapi 
tpi;tapi 
tq;terima kasih
trdpt;terdapat 
trgntng;tergantung 
trims;terima kasih
trimz;terima kasih
trjadi;terjadi 
trkdng;terkadang 
trkhr;terakhir 
trlalu;terlalu 
trmksh;terima kasih
trmsk;termasuk 
trnsfr;transfer 
trnyata;ternyata 
trnyt;ternyata 
trs;terus 
trsrh;terserah 
trus;terus 
tsadeest;sadis
tsb;tersebut 
tsbt;tersebut 
ttep;tetap 
ttg;tentang 
ttp;tetap 
tu;itu 
tuch;itu
tukeran;tukar 
tumben;tidak biasa
tw;tahu 
u;kamu
ubat;obat 
ud;sudah 
uda;sudah 
udah;sudah 
udd;sudah
udeh;sudah 
udh;sudah 
uga;juga
ujan2an;hujan hujanan 
untk;untuk 
utk;untuk 
voice;suara
von;telepon
w;saya
wa;saya
wad;buat
waduh;aduh 
wanjir;anjing
wat;buat
wht;apa 
wkt;waktu 
wktu;waktu 
yaini;ya ini
yank;sayang 
yap;ya
yaudh;ya sudah
yaw;ya
yawda;ya sudah
yela;yailah 
yelah;yailah 
yg;yang 
yng;yang 
yodah;ya sudah
yoi;iya
yup;ya 
yups;ya
yupz;ya
ywdh;ya sudah
pengikutny;pengikutnya
pmbhasan;pembahasan
wwnang;wewenang
celotehreceh;celoteh receh
kapanliburanlagi;kapan libur lagi
sbab;sebab
layan;layanan
new;baru
layout;gambar
anjg;anjing
anjir;anjing
beg;mohon
exactly;tepat
ordal;orang dalam
nder;pengirim
funds;tabungan
fund;tabungan
fool;bodoh
ngeuh;paham
ngeh;paham
ahhhhh;aduh 
siaaaaaaaal;sial
wkwk;ketawa
wkwkwk;ketawa
wkwkwkwk;ketawa
stop;berhenti
 passtttiii;pasti
keep;simpan
genshinimpact;genshin impact
genshinimpactid;genshin impact
fesnuk;facebook
phase;fase
weapon;senjata
post;unggah
bini;istri
stuju;setuju
stujuuu;setuju
gemes;gemas
like;suka
moots;mutual
ridi;siap
stress;stres
hat;topi
dub ;sulih suara
jp;jepang
noo;tidak
farewell;selamat tinggal
priority;prioritas
rip;mati
wangy;harum
lucuw;lucu
lucuu;lucu
gan;agan
i;aku
gsbar;tidak sabar
list;daftar isi
home;rumah
abis;habis
yaudah;ya sudah
all;semua
gue;aku
set;jadi
archon;dewa
ngetwit;twit
card;kartu
age;umur
device;perangkat
high;tinggi
acc;akun
thanks;terima kasih
my;aku
whole;semua
account;akun
cok;jancok
masi;masih
sekaliii;sekali
pure;murni
good;bagus
looks;tampilan
look ;tampilan
draw;gambar
development;pengembangan
level;tingkat
problem;masalah
sumpahhh;sumpah
gameplay;permainan
flexible;fleksibel
cingta;cinta
cintah;cinta
couple;pasangan
gemazzzz;gemas
march;maret
im;aku
happy;bahagia
you;kamu
think;pikir
pretty;cantik
see;lihat 
next;lanjut
time;waktu 
golden;emas
arte;artifak
soon;dekat
resonan;resonansi
trail;percobaaan
favorit;kesukaan
chara;karakter
magician;pesulap
ty;terima kasih
bangeett;banget
cakeepppp;cantik
bjir;anjing
mood;senang 
ngeganti;ganti
party;berkelompok
electro;listrik
pyro;api
hydro;air
anemo;angin
geo;tanah
dendro;tanaman
nice;bagus
long;panjang 
banner;spanduk
event;acara
waifu;istri
mulangin;memulangkan
eventnya;acaranya
bangettt;banget
matkul;mata kuliah
type;tipe
special;spesial
person;orang
help;tolong 
meme;mim
pacarin;pacar
jujurly;jujur
eat;makan
sukaaaak;suka
year;tahun
years;tahun
kek;mirip
after;setelah 
cwkku;cintaku
fonten;fontaine
ngesave;simpan
save;simpan
seimut;imut
picky;pemilih
kawai;lucu
pulls;ambil
design;desain
cantiq;cantik
furinaa;furina
furinaaa;furina
akuuu;aku
bklan;bakalan
cubanget;lucu banget
lady;nona
nguli;kuli
cayangku;sayang
kicikkk;kecil
ngepull;ambil
rill;benar
sorry;maaf
pya;punya
takda;tidak ada
well;baik
betuull;benar
mba;kakak
mbaa;kakak
me;aku
terkesima;takjub
another;lainnya
gilaks;gila
ngeskip;skip
worse;buruk
tengkyuu;terima kasih
tengkyu;terima kasih
ngena;kena
fers;pertama
lohh;loh
seiyuu;pengisi suara
jugha;juga
mamih;mama
story;cerita
aesthetic;estetik
tolonfgff;tolong 
perfect;sempurna
jir;anjing
continue;berlanjut
romantic;romantis
mature;dewasa
enough;cukup
have;memiliki
sweet;manis
personality;kepribadian
relationship;hubungan
reset;ulang
haters;pembenci
orgil;orang gila
mabar;main bareng
excited;bersemangat
quest;tugas 
gg;perrmainan bagus
tonigh;malam
first;pertama
bjink;anjing
ap;apa 
baby;sayang
thank;terima kasih
mmh;mama
ajjir;anjing
salting;salah tingkah
birthday;ulang tahun
play;main
decided;memlih
kntl;kontol
bosoek;busuk
kuntul;kontol
anying;anjing
cakeup;cakep
konttoll;kontol
baguss;bagus
gaa;gak
anjgh;anjing
stupid;bodoh
kgn;kangen
cakepp;cakep
bgtt;banget
ganyweng;ganteng
btenvggey;banget
asu;anjing
apas;ampas
ngmuk;ngamuk
ajg;anjing
sekalehhhh;sekali
ny;nya
gbs;tidak bisa
gacor;keren
storytelling;cerita
mnrtku;menurutku
kerennn;keren
interesting;menarik
sbenernya;sebenarnya 
kusukak;aku suka
unyu;imut
baruuu;baru
ituuu;itu
abies;abis
bangetttt;banget
ape;apa 
bangeeeet;banget
PARAHHHHH;parah
puasss;puas
GEMEEESS;gemas
congrats;selamat
aseli;asli
bangeeet;banget
sumpaj;sumpah
indo;indonesia
menciptajan;menciptakan
wlopun;walaupun
gim;game
ounya;punya
iyaa;iya
kagaa;tidak
kaga;tidak
ilang;hilang
sbnernya;sebenarnya 
gweh;saya
gwej;saya
apkh;apakah
bkos;karena
abah;bapak
abangnye;abangnya
abi;bapak
abisin;habiskan 
abistu;kemudian
about;tentang
accidentally;tanpa sengaja
achievement;pencapaian
acrylic;akrilik
actually;sebenarnya 
add;tambah
addicted;kecanduan
adekku;adikku
adekmu;adikmu
adeknya;adiknya
admiring;mengagumi
advance;maju
advanced;lanjutan
advantage;keuntungan
aestheticnya;estetiknya
aga;agak
again;lagi
aim;mengincar
aing;saya
ajaa;saja
ajakin;mengajak
ajarin;ajarkan
ajib;hebat
akak;kakak
aktifin;aktifkan
akuh;saya
akuin;akui
akuu;saya
akyu;saya
alamin;alami
alesannya;alasannya
alhasil;akibatnya
alive;hidup
allahh;allah
already;sudah
alsoo;juga
alternate;alternatif
alternatively;sebagai alternatif
always;selalu
amatt;sangat
amazing;menakjubkan
ambilin;ambilkan
america;amerika
ampe;sampai 
anaknnya;anaknya
animation;animasi
anime;anime
animek;anime
animeknya;animenya
anj;anjing
anjay;anjing
anjeengg;anjing
anjer;anjing
anjglah;anjing
anjiim;anjing
anjim;anjing
anjingbtravel;anjing
anjingg;anjing
anjingin;anjing
anjinh;anjing
anjink;anjing
anjirr;anjing
anjr;anjing
anjrit;anjing
anniv;hari jadi
anniversary;jhari jadi
anniversarynya;hari jadi
annivnya;hari jadi
announcementnya;pengumuman
annoying;menggangu
anthem;lagu
anxious;cemas
anyink;anjing
anything;apa pun
anyway;bagaimanapun
apakabar;apa kabar
apal;hafal
apasih;apa sih
apdet;perbarui
apek;tengik
apes;sial
apk;aplikasi
apothecary;apoteker
apple;apel
apus;hapus
archive;arsip
around;sekitar
arteku;artefak
arteny;artefaknya
artenya;artefaknya
artifact;artefak
artifak;artefak
artis;artis
artist;artis
artnya;seninya
artprint;catak seni
artstyle;gaya seni
asik;asyik
asliny;aslinya
aspek;aspek
assign;menugaskan
associating;mengaitkan
ati;hati
attack;serangan
auto;otomatis
avail;tersedia
available;tersedia
awat;awet
ayangnya;sayangnya
babi;babi
babik;babi
babikk;babi
bablas;terlewat
bacainnya;membacakannya
back;kembali
background;latar belakang
backlight;lampu latar
baikk;baik
balek;balik
bamsat;bangsat
bang;abang
bangeta;banget
bangey;banget
bangsaatt;bangsat
bangsatt;bangsat
bansos;bantuan sosial
bantuin;bantu
banyaj;banyak
banyakk;banyak
bapa;bapak
baper;bawa perasaan
baperin;bawa perasaan
bareng;bersama
barusan;baru saja
basa;basah
based;berdasarkan
basing;bahasa inggris
batere;baterai
batre;baterai
batrenya;baterainya
battle;pertempuran
battlenya;pertempurannya
battleship;kapal perang
bauu;bau
bawainnya;membawakan
bawel;bawel
bayangin;bayangkan
bedain;bedakan
begimana;bagaimana
begoin;bego
behavior;perilaku
behaviour;perilaku
benefit;keuntungan
benerin;memperbaiki
bentar;sebentar
benturin;membenturkan
best;terbaik
bestian;bersahabat
bestie;sahabat
better;lebih baik
betull;betul
bgss;bagus
bgst;bangsat
bhkn;bahkan
big;besar
bikin;mebuat
bilang;mengatakan
bilangin;sampaikan
bimgung;bingung
bindo;bahasa indonesia
bio;biodata
bionya;biodatanya
bjing;anjinng
bjirr;anjing
bjrot;anjing
bkal;bakal
black;hitam
blade;pedang
blast;ledakan
bless;berkah
blessings;berkah
blio;beliau
block;blokir
blur;buram
bngsat;bangsat
bngst;bangsat
bngtt;banget
boboo;tidur
bocil;bocah
bodo;bodoh
bodoamat;bodoh amat
bokep;porno
bolee;boleh
boleeh;boleh
bolehh;boleh
bolehin;membolehkan
bomat;bodoh amat
boncos;rugi
bond;ikatan
bonding;ikatan
booking;reservasi
books;buku
booming;populer
boost;meningkatkan
booth;gerai
boothing;menjaga gerai
boots;sepatu
boring;bosan
bosenin;membosankan
boss;bos
bottom;bawah
box;kotak
boyfriend;kekasih
boys;anak laki-laki
bracket;kurung
brainstorming;diskusi
brand;merek
brandnya;mereknya
break;istirahat
brengseekk;brengsek
brengseh;brengsek
brief;pengarahan
brmain;bermain
broke;bangkrut
broken;rusak
brokeup;putus
brother;saudara
budget;anggaran
bundle;paket
bunuhin;membunuh
burik;buram
burn;bakar
burnout;lelah
busyet;buset
butek;keruh
butterflies;kupu kupu
call;panggilan
calming;menenangkan
camera;kamera
cancel;batal
canon;resmi
canonly;resmi
cantikna;cantiknya
capekk;capek
captain;ketua
capturing;menangkap
cards;kartu
carry;membawa
case;kasus
casenya;kasusnya
casting;pemilihan
casual;santai
cat;kucing
catalysm;katalis
cater;melayani
cats;kucing
caved;menyerah
cedih;sedih
cekokin;mencekoki
center;tengah
ceritain;menceritakan
cewek;perempuan
challenge;tantangan
chambernya;ruangannya
changer;pengubah
char;karakter
character;karakter
characternya;karakternya
characters;karakter
charaku;karakterku
charanya;karakternya
charanyaa;karakternya
charge;mengisi
charm;pesona
charms;pesona
charnya;karakternya
chars;karakter
chase;mengejar
chatan;mengobrol
chatnya;obrolannya
check;memeriksa
chemistry;cocok
chest;peti
chicken;ayam
child;anak
children;anak-anak
chill;santai
chinese;china
chore;tugas
chr;karakter
chronically;kronis
cit;curang
ciwi;perempuan
claim;klaim
class;kelas
clean;bersih
clear;selesai
clearnya;selesainya
clingy;melekat
cloud;awan
clue;petunjuk
cocokin;mencocokkan
code;kode
coffee;kopi
coin;koin
coinnya;koinnya
colab;kolaborasi
collab;kolaborasi
collabnya;kolaborasinya
collect;koleksi
color;warna
colorful;warna-warni
colorists;pewarna
combat;pertempuran
combatnya;pertempurannya
combo;kombinasi
combonya;kombinasinya
come;datang
comeback;datang kembali
comfort;kenyamanan
comforting;menenangkan
comfy;nyamab
coming;datang
comment;komentar
community;komunitas
communitynya;komunitasnya
company;perusahaan
compared;dibandingkan
compatible;cocok
complainnya;keluhannya
concert;pemahaman
connection;koneksi
considering;mempertimbangkan
console;konsol
cont;bersambung
conten;konten
content;konten
controller;pengontrol
counter;sanggahan
course;kursus
cover;sampul
cowok;laki-laki
cowoku;kekasihku
cowonya;kekasihnya
craft;kerajinan
creator;pembuat
crit;kritis
crystal;kristal
culture;budaya
current;terkini
curse;kutukan
cutscene;cuplikan
dadah;selamat tinggal
daily;harian
damage;kerusakan
dapatin;mendapatkan
daper;dapat
darimana;dari mana
dark;gelap
datengin;mendatangi
dead;mati
decisions;keputusan
defend;bertahan
deket;dekat
dekor;dekorasi
delivery;pengiriman
dengerin;mendengarkan
desert;gurun
designs;desain
desperate;putus asa
despise;membenci
dev;pengembang
developer;pengembang
developmentnya;perkembangannya
devicenya;perangkat
devices;perangkatnya
diadain;diadakan
diajakin;diajak
dibales;dibalas
dibandingin;dibandingkan
dibantuin;dibantui
dibawain;dibawakan
dibayarin;dibayarkan
dibeliin;dibelikan
dibuild;dibangun
dihancurin;dihancurkan
diikutin;diikuti
diinget;diingat
diinjek;diinjak
diitung;dihitung
dikalahin;dikalahkan
dikatain;dihina
dikenalin;dikenalkan
dikerjain;dikerjakan
dimaafin;dimaafkan
dimaeinin;dimainkan
dimainin;dimainkan
dimanjain;dimanjakan
dimarahin;dimarahi
dimasukin;dimasukan
dimna;dimana
dimusuhin;dimusuhi
diomongin;dibicarakan
dipermasalahin;dipermasalahkan
dipinjem;dipinjam
director;direktur
disambungin;disambungkan
disconnect;terputus
disimpen;disimpan
disk;disk
display;tampilan
disuarain;disuarakan
ditampilin;ditampilkan
ditemuin;ditemui
dititipin;dititipkan
doain;doakan
doanh;doang
doanv;doang
dodge;menghindar
doi;dia
doll;boneka
done;selesai
down;terpuruk
download;unduh
dragon;naga
dream;mimpi
dripada;daripada
drpada;daripada
duel;duel
duit;uang
duluu;dulu
dungeon;ruang bawah tanah
eagle;elang
ear;telinga
early;awal
edition;edisi
effort;usaha
egg;telur
elixir;ramuan
elu;kamu
emak;ibu
emotional;emosional
empathy;empati
end;akhir
endgame;tahap akhir
ending;akhir
energy;energi
engine;mesin
engulfing;menelan
enhance;meningkatkan
enjoy;menikmati
environment;lingkungan
error;kesalahan
especially;terutama
every;setiap
everyone;semua orang
evil;jahat
except;kecuali
exchange;menukar
exist;keberadaan
experience;pengalaman
expert;ahli
explore;eksplorasi
extra;ekstra
fact;fakta
fanart;karya penggemar
fanfiction;fiksi penggemar
fans;penggemar
fantasy;fantasi
far;jauh
fast;cepat
fate;takdir
father;bapak
favorite;favorit
favourite;favorit
feeling;perasaan
fever;demam
fictional;fiksi
fight;bertarung
figure;figur
file;berkas
final;akhir
finally;akhirnya
fire;api
fishing;memancing
five;lima
fix;memperbaiki
floor;lantai
flowers;bunga
flowery;berbunga
folder;direktori
follow;mengikuti
for;untuk
force;kekuatan
forever;selamanya
free;bebas
freedom;kebebasan
freeze;membeku
fresh;segar
friend;teman
friendly;ramah
from;dari
fuck;sialan
fucking;sialan
full;penuh
fun;menyenangkan
fusion;paduan
gaakan;tidak akan
gabakal;tidak akan
gabikin;tidak membuat
gabungin;gabungkan
gacocok;tidak cocok
gadaa;tidak ada
gadapet;tidak dapat
gadget;gawai
gakpapa;tidak apa
gamain;tidak main
gamasalah;tidak masalah
gamasukin;tidak memasukan
game;permainan
gampang;mudah
gampangg;mudah
gamungkin;tidak mungkin
gangerti;tidak mengerti
gangguin;mengganggu
ganteng;tampan
gaperlu;tidak perlu
gatcha;gacha
gaterlalu;idak teralu
gbkal;tidak akan
gebug;gebuk
gede;besar
gedein;besarkan
gelo;gila
gelut;berkelahi
gemcin;genshin
gemeshnya;gemasnya
gemesin;menggemaskan
gemess;gemas
gemeteran;gemetar
gemey;gemas
gencin;genshin
generous;dermawan
genshim;genshin
genshinan;genshin
genshingift;genshin
genshinku;genshinku
genshinmoots;teman genshin
genshinn;genshin
genshit;genshin
gensin;genshin
ggacha;gacha
gilaa;gila
gilaakk;gla
gils;gila
gimana;bagaimana
ginian;begini
girl;perempuan
girlie;perempuan
gituu;begitu
giung;getir
give;memberi
gmpang;mudah
gnshn;genshin
goblog;goblok
gokil;kocak
graduated;lulus
graphicnya;grafiknya
grass;rumput
gray;abu-abu
green;hijau
greetings;salam
guarantee;menjamin
guaranteed;dijamin
guest;tamu
guide;panduan
guwa;saya
gwe;saya
gwehh;saya
gwehj;saya
hack;membobol
hacker;peretas
hackernya;peretasnya
halu;halusinasi
haluin;berhalusinasi
handphone;ponsel
happiest;bahagia
hardwordking;pekerja keras
harganyaa;harganya
harshword;kata kasar
hasilnyaa;hasilnya
hater;pembenci
heavy;berat
hectic;sibuk
hepi;bahagia
hero;pahlawan
heroes;pahlawan
history;sejarah
hoki;beruntung
hold;memegang
holder;pemegang
homo;homoseksual
homophobic;homofobia
homophobics;homofobia
homophopic;homofobia
honorable;terhormat
hp;ponsel
hpku;ponselku
hpnya;ponselnya
humble;rendah hati
hunter;pemburu
hunting;memburu
husbando;suami
husbu;suami
husbuku;suamiku
hutaoo;hutao
icon;ikon
ikutann;ikut
ikutin;mengikuti
illegal;ilegal
imaginary;khayalan
improve;meningkat
inactive;tidak aktif
incer;incar
inceran;incaran
information;informasi
insane;gila
inspired;terinspirasi
interactive;interaktif
interaksikuu;interaksiku
interest;tertarik
interested;tertarik
itung;hitung
iyah;iya
iyes;iya
jancoek;jancuk
jancok;jancuk
jancook;jancuk
jatohnya;jatuhnya
jayaa;jaya
jelasin;jelaskan
jelass;jelas
jelekin;jelekan
jepun;jepang
join;gabung
jokiin;jokikan
jugaa;juga
kabarin;kabarkan
kakakk;kakak
kalahin;kalahkan
kalem;tenang
kamana;kemana
kantong;kantung
kbar;kabar
keapus;terhapus
kece;keren
kecoak;kecoa
kecups;kecup
kedengeran;terdengar
keinget;teringat
keitung;terhitung
kelarin;selesaikan
kelibat;terlibat
keluyur;berkeliaran
kepake;terpakai
kerjain;kerjakan
kerjasamanya;kerja samanya
ketuusuk;tertusuk
kicik;kecil
killer;pembunuh
king;raja
kntank;kentang
kntol;kontol
koleb;kolaborasinya
komen;komentar
komenan;komentar
komenny;komentarnya
komplen;komplain
komplennya;komplainnya
komplit;lengkap
komtol;kontol
komun;komunitas
kondangan;undangan
kontelasi;konstelasi
kontoll;kontol
kontolodon;kontol
korup;korupsi
kos;indekos
kost;indekos
krena;karena
kringet;keringat
ksini;kesini
kurleb;kurang lebih
lainn;lain
lakik;laki
lampiasin;melampiaskan
language;bahasa
lanjutin;lanjutkan
laporin;laporkan
late;terlambat
later;nanti
launching;peluncuran
leave;meninggalkan
legend;legenda
legendary;legenda
legends;legenda
legowo;ikhlas
lenceng;miring
liat;lihat
life;kehidupan
light;cahaya
limited;terbatas
live;langsung
lnjut;lanjut
lock;kunci
login;masuk
loginnya;masuknya
logout;keluar
lonely;kesepian
longest;terpanjang
lonte;pelacur
looking;mencari
lop;cinta
lopyu;cinta kamu
lord;tuan
lore;cerita
lorenya;ceritanya
lose;kalah
lost;hilang
loveliest;menawan
lovers;pecinta
loves;cinta
loyalty;kesetiaan
luck;keberuntungan
lucknya;keberuntungannya
lucky;beruntung
lupain;lupakan
maafin;maafkan
maapkeun;maafkan
mabok;mabuk
macem;macam
maghribb;maghrib
mainin;mainkan
makasih;terima kasih
makasihh;terima kasih
maksa;memaksa
maksain;memaksakan
males;malas
malesin;malas
malesnya;malasnya
mami;mama
manaa;mana
maniez;manis
manjain;memanjakan
manjat;panjat
map;peta
marahin;memarahi
masang;pasang
masculine;maskulin
mastiin;pastikan
masukin;masukan
matek;matikan
matiin;matikan
mats;material
mayan;lumayan
maybe;mungkin
mensupport;mendukung
menumpukk;menumpuk
messages;pesan
mini;kecil
minjemin;meminjamkan
mkin;makin
mnurut;menurut
mnyambut;menyambut
mommy;ibu
mukul;pukul
mungkinn;mungkin
must;harus
name;nama
ndaftar;mendaftar
nebak;tebak
nembak;tembak
nempel;tempel
nerima;terima
ngapus;menghapus
ngatasin;mengatasi
ngebawa;membawa
ngebuat;membuat
ngehasilin;menghasilkan
ngehormatin;menghormati
ngejalanin;menjalankan
ngejar;mengejar
ngejarnya;mengejarnya
ngejelasin;menjelaskan
ngejer;mengejar
ngelakuin;melakukan
ngelarin;menyelesaikan
ngeliat;melihat
ngelindungin;melindungi
ngeluangin;meluangkan
ngeluarin;mengeluarkan
ngelupain;melupakan
ngelupainnya;melupakannya
ngeracunin;meracuni
ngeraih;meraih
ngeramein;meramaikan
ngerayain;merayakan
ngeriset;meriset
ngerjakan;mengerjakan
ngerti;mengerti
ngerundingin;merundingkan
ngerusak;merusak
ngikut;mengikut
ngintip;mengintip
ngira;mengira
ngirim;mengirim
ngisi;mengisis
ngitung;menghitung
ngorbanin;mengorbankan
ngrusak;merusak
ngucapin;mengucapkan
ngulang;mengulang
ngunci;mengunci
nguras;menguras
nikahin;menikahi
nikmatin;menikmati
nipu;tipu
njing;anjing
njir;anjing
nomer;nomor
nonton;tonton
racists;rasis
role;peran
sabaar;sabar
sadarr;sadar
salahaku;salahku
salahin;salahkan
samaa;sama
same;sama
santuyy;santai
saranin;sarankan
seiyuunya;pengisi suaranya
sekaleh;sekali
sekarangg;sekarang
selesaiin;selesaikan
selese;selesai
sell;jual
sellernya;penjualnya
semanga;semangat
sempet;sempat
semuaa;semua
sepuhh;sepuh
serah;terserah
series;seri
seriesnya;serinya
seruu;seru
service;pelayanan
servicenya;pelayanannya
siangg;siang
siapaa;siapa
simple;simpel
since;sejak
sinners;pendosa
situation;situasi
size;ukuran
sizenya;ukurannya
skadar;sekadar
sleep;tidur
social;sosial
sodaranya;saudaranya
soft;lembut
sold;terjual
song;lagu
srius;serius
sstengah;setengah
start;mulai
sticker;stiker
storage;penyimpanan
student;siswa
suda;sudah
sukaa;suka
sumpah;sumpah
sunday;minggu
supplies;persediaan
supply;persediaan
supporternya;pendukungnya
surprise;kejutan
surviving;bertahan
system;sistem
syulid;sulit
taik;tahi
tail;ekor
talk;bicara
taneman;tanaman
tax;pajak
tinggalin;tinggalkan
tntang;tentang
today;hari ini
together;bersana
tower;menara
trakhir;terakhir
trap;perangkap
traveler;pengembara
trusted;terpercaya
try;coba
ultah;ulang tahun
under;dibawah
unlimited;tidak terbatas
usahaa;usaha
vale;desa
very;sangat
victory;menang
voicenya;suaranya
voli;voli
waifunya;istrinya
wait;tunggu
waiting;menunggu
walopun;walaupun
warlok;warga lokal
watching;menonton
we;kita
weap;senjata
weaponnya;senjatanya
weekend;akhir pekan
weekly;mingguan
welcome;selamat datang
what;apa
where;dimana
white;putih
who;siapa
why;kenapa
wlpn;walaupun
wolf;serigala
world;dunia
write;tulis
writing;penulisan
zuzur;jujur
